first name,start date,last login time,salary,bonus %,team,senior management_False,senior management_True
Douglas,8/6/1993,12:42 PM,97308,6.945,Marketing,0,1
Thomas,3/31/1996,6:53 AM,61933,4.17,,0,1
Maria,4/23/1993,11:17 AM,130590,11.858,Finance,1,0
Jerry,3/4/2005,1:00 PM,138705,9.34,Finance,0,1
Larry,1/24/1998,4:47 PM,101004,1.389,Client Services,0,1
Dennis,4/18/1987,1:35 AM,115163,10.125,Legal,1,0
Ruby,8/17/1987,4:20 PM,65476,10.012,Product,0,1
,7/20/2015,10:43 AM,45906,11.598,Finance,0,0
Angela,11/22/2005,6:29 AM,95570,18.523,Engineering,0,1
Frances,8/8/2002,6:51 AM,139852,7.524,Business Development,0,1
Louise,8/12/1980,9:01 AM,63241,15.132,,0,1
Julie,10/26/1997,3:19 PM,102508,12.637,Legal,0,1
Brandon,12/1/1980,1:08 AM,112807,17.492,Human Resources,0,1
Gary,1/27/2008,11:40 PM,109831,5.831,Sales,1,0
Kimberly,1/14/1999,7:13 AM,41426,14.543,Finance,0,1
Lillian,6/5/2016,6:09 AM,59414,1.256,Product,1,0
Jeremy,9/21/2010,5:56 AM,90370,7.369,Human Resources,1,0
Shawn,12/7/1986,7:45 PM,111737,6.414,Product,1,0
Diana,10/23/1981,10:27 AM,132940,19.082,Client Services,1,0
Donna,7/22/2010,3:48 AM,81014,1.894,Product,1,0
Lois,4/22/1995,7:18 PM,64714,4.934,Legal,0,1
Matthew,9/5/1995,2:12 AM,100612,13.645,Marketing,1,0
Joshua,3/8/2012,1:58 AM,90816,18.816,Client Services,0,1
,6/14/2012,4:19 PM,125792,5.042,,0,0
John,7/1/1992,10:08 PM,97950,13.873,Client Services,1,0
,10/8/2012,1:12 AM,37076,18.576,Client Services,0,0
Craig,2/27/2000,7:45 AM,37598,7.757,Marketing,0,1
Scott,7/11/1991,6:58 PM,122367,5.218,Legal,1,0
Terry,11/27/1981,6:30 PM,124008,13.464,Client Services,0,1
Benjamin,1/26/2005,10:06 PM,79529,7.008,Legal,0,1
Christina,8/6/2002,1:19 PM,118780,9.096,Engineering,0,1
Joyce,2/20/2005,2:40 PM,88657,12.752,Product,1,0
,8/21/1998,2:27 PM,122340,6.417,,0,0
Jean,12/18/1993,9:07 AM,119082,16.18,Business Development,1,0
Jerry,1/10/2004,12:56 PM,95734,19.096,Client Services,1,0
Theresa,10/10/2006,1:12 AM,85182,16.675,Sales,1,0
Rachel,2/16/2009,8:47 PM,142032,12.599,Business Development,1,0
Linda,10/19/1981,8:49 PM,57427,9.557,Client Services,0,1
Stephanie,9/13/1986,1:52 AM,36844,5.574,Business Development,0,1
,1/29/2016,2:33 AM,122173,7.797,Client Services,0,0
Michael,10/10/2008,11:25 AM,99283,2.665,Distribution,0,1
Christine,6/28/2015,1:08 AM,66582,11.308,Business Development,0,1
Beverly,9/9/1998,8:26 PM,121918,15.835,Legal,1,0
Marilyn,12/7/1980,3:16 AM,73524,5.207,Marketing,0,1
Cynthia,11/16/1988,6:54 PM,145146,7.482,Product,0,1
Roger,4/17/1980,11:32 AM,88010,13.886,Sales,0,1
Bruce,11/28/2009,10:47 PM,114796,6.796,Finance,1,0
Kathy,6/22/2005,4:51 AM,66820,9.0,Client Services,0,1
Clarence,3/26/1996,5:57 AM,93581,6.083,Business Development,0,1
Chris,1/24/1980,12:13 PM,113590,3.055,Sales,1,0
Nancy,9/23/2000,8:05 AM,94976,13.83,Engineering,0,1
,12/17/2011,8:29 AM,41126,14.009,Sales,0,0
Todd,2/18/1990,2:41 AM,49339,1.695,Human Resources,0,1
Alan,3/3/2014,1:28 PM,40341,17.578,Finance,0,1
Sara,8/15/2007,9:23 AM,83677,8.999,Engineering,1,0
Karen,11/30/1999,7:46 AM,102488,17.653,Product,0,1
Carl,5/3/2006,5:55 PM,130276,16.084,Finance,0,1
Henry,6/26/1996,1:44 AM,64715,15.107,Human Resources,0,1
Theresa,4/11/2010,7:18 AM,72670,1.481,Engineering,0,1
Irene,5/7/1997,9:32 AM,66851,11.279,Engineering,1,0
Paula,11/23/2005,2:01 PM,48866,4.271,Distribution,1,0
Denise,11/6/2001,12:03 PM,106862,3.699,Business Development,1,0
,6/12/2007,5:25 PM,58112,19.414,Marketing,0,0
Matthew,1/2/2013,10:33 PM,35203,18.04,Human Resources,1,0
Kathleen,4/11/1990,6:46 PM,77834,18.771,Business Development,1,0
Steve,11/11/2009,11:44 PM,61310,12.428,Distribution,0,1
Nancy,12/15/2012,11:57 PM,125250,2.672,Business Development,0,1
Rachel,8/16/1999,6:53 AM,51178,9.735,Finance,0,1
Jose,10/30/2004,1:39 PM,84834,14.33,Finance,0,1
Irene,7/14/2015,4:31 PM,100863,4.382,Finance,0,1
Todd,6/10/2003,2:26 PM,84692,6.617,Client Services,1,0
Johnny,11/6/2009,4:23 PM,118172,16.194,Sales,0,1
Bobby,5/7/2007,10:01 AM,54043,3.833,Product,1,0
Frances,4/4/1999,4:19 PM,90582,4.709,Sales,0,1
Thomas,6/4/1995,2:24 PM,62096,17.029,Marketing,1,0
Bonnie,7/2/1991,1:27 AM,104897,5.118,Human Resources,0,1
Margaret,9/10/1988,12:42 PM,131604,7.353,Distribution,0,1
Charles,9/14/2004,8:13 PM,107391,1.26,Marketing,0,1
Robin,6/4/1983,3:15 PM,114797,5.965,Sales,0,1
Bonnie,11/13/1988,3:30 PM,115814,4.99,Product,1,0
Gerald,3/17/1995,12:50 AM,137126,15.602,Sales,0,1
Christopher,3/30/2008,10:52 AM,47369,14.822,Legal,1,0
Steven,3/30/1980,9:20 PM,35095,8.379,Client Services,0,1
Shawn,9/23/2005,2:55 AM,148115,6.539,Finance,0,1
Doris,8/20/2004,5:51 AM,83072,7.511,Finance,1,0
Jeremy,2/1/2008,8:50 AM,100238,3.887,Client Services,0,1
Annie,9/29/2007,12:11 AM,103495,17.29,Business Development,0,1
Annie,1/30/1993,2:05 AM,144887,8.276,Sales,0,1
Donna,11/27/1991,1:59 PM,64088,6.155,Legal,0,1
Janice,3/12/2016,12:40 AM,51082,11.955,Legal,1,0
Janice,8/21/1997,5:12 AM,91719,11.583,Legal,0,1
James,1/26/2005,11:00 PM,128771,8.309,,1,0
Linda,5/25/2000,5:45 PM,119009,12.506,Business Development,0,1
Virginia,5/7/1994,5:58 PM,111858,1.601,Legal,0,1
Harry,8/26/1981,3:16 PM,130620,7.03,Legal,1,0
Heather,7/11/1998,2:17 PM,43026,14.166,Client Services,1,0
Cynthia,3/21/1994,8:34 AM,142321,1.737,Finance,1,0
Laura,7/19/2014,9:23 PM,140371,10.62,Marketing,0,1
Tina,6/16/2016,7:47 PM,100705,16.961,Marketing,0,1
Harold,1/2/1985,9:40 PM,77544,12.447,Business Development,1,0
Melissa,6/21/2005,6:33 AM,48109,14.995,Finance,1,0
Aaron,2/17/2012,10:20 AM,61602,11.849,Marketing,0,1
Jack,1/12/1997,5:51 AM,103902,12.159,Client Services,1,0
Phyllis,10/11/1996,9:30 PM,136984,8.932,Finance,0,1
John,12/23/1989,7:01 AM,80740,19.305,Marketing,1,0
Kathy,3/9/1996,4:33 AM,91712,8.567,Finance,1,0
Paul,8/4/1993,7:25 PM,42146,3.046,Legal,1,0
Steven,4/23/2013,10:12 PM,68680,16.565,Legal,1,0
Russell,5/5/1988,7:57 AM,133980,12.396,Legal,0,1
Christopher,4/22/2000,10:15 AM,37919,11.449,,1,0
Shirley,6/20/2001,10:39 PM,147113,16.135,Legal,1,0
Bonnie,12/17/1999,3:12 PM,42153,8.454,Business Development,0,1
Willie,11/27/2003,6:21 AM,64363,4.023,Marketing,1,0
Tina,6/12/2009,7:16 AM,114767,3.711,Engineering,0,1
Ashley,8/4/2002,11:00 AM,58698,6.811,Business Development,0,1
Pamela,7/1/1982,6:51 AM,54585,4.166,Product,1,0
,6/22/1991,8:58 PM,76189,18.988,Legal,0,0
Steven,3/1/1995,3:03 PM,109095,9.494,Finance,1,0
Andrea,1/12/2012,5:43 AM,120204,9.557,Business Development,1,0
Paul,6/3/2008,3:05 PM,41054,12.299,Marketing,1,0
Peter,11/17/1994,6:15 PM,84885,15.402,Business Development,1,0
Kathleen,5/9/2016,8:55 AM,119735,18.74,Product,1,0
Christina,4/13/2012,2:04 PM,110169,13.892,Engineering,0,1
Helen,11/29/2001,2:30 AM,73789,14.841,Product,0,1
Marilyn,11/16/1983,8:29 AM,76078,2.401,Product,0,1
Patricia,9/1/2003,6:46 AM,49368,14.226,Human Resources,1,0
Michelle,3/30/1984,6:43 PM,57325,17.179,Human Resources,0,1
William,9/29/2002,4:09 PM,66521,5.83,Human Resources,1,0
Kenneth,8/25/1987,9:16 PM,127654,16.439,Client Services,0,1
Antonio,10/25/1988,1:50 PM,60866,13.101,Business Development,0,1
Shirley,5/1/1984,1:15 PM,41334,6.219,Human Resources,0,1
Rebecca,7/10/1992,12:23 AM,94231,17.517,Product,1,0
Carlos,1/4/1995,7:02 AM,146670,10.763,Human Resources,1,0
Lois,12/25/1987,4:16 PM,106317,2.235,Client Services,0,1
Carolyn,4/9/2011,5:38 AM,109260,2.65,Business Development,0,1
Gloria,6/29/2007,5:34 AM,134148,8.833,Legal,0,1
Henry,4/24/1995,4:18 AM,43542,19.687,Legal,1,0
Adam,5/21/2011,1:45 AM,95327,15.12,Distribution,1,0
Ashley,5/25/2006,11:30 AM,112238,6.03,Engineering,0,1
,10/3/1990,1:08 AM,132373,10.527,,0,0
Shirley,2/28/1981,1:23 PM,113850,1.854,Marketing,1,0
Adam,12/24/1990,8:57 PM,110194,14.727,Product,0,1
Elizabeth,10/9/2003,5:53 PM,146129,5.687,Finance,1,0
Teresa,1/28/2016,10:55 AM,140013,8.689,Engineering,0,1
Nicole,3/5/1982,2:28 PM,122717,12.452,Sales,1,0
Jennifer,4/4/2009,10:47 PM,71715,13.079,Client Services,0,1
Patricia,11/25/1992,2:24 AM,95322,4.15,Product,1,0
Philip,7/17/2008,1:30 PM,89227,3.996,Legal,1,0
Patrick,7/14/1991,2:24 AM,124488,14.837,Sales,0,1
,8/17/2014,2:00 PM,86230,8.578,Distribution,0,0
Sean,5/4/1996,8:59 PM,135490,19.934,Marketing,1,0
Brandon,11/3/1997,8:17 PM,121333,15.295,Business Development,1,0
Ruth,8/19/1999,4:03 AM,129297,8.067,Client Services,0,1
Victor,3/10/2011,8:40 PM,84546,10.489,Finance,0,1
Rebecca,11/15/1980,4:13 AM,85730,5.359,Product,0,1
Marie,3/16/2003,12:12 AM,104058,17.695,Business Development,0,1
Howard,4/27/1992,1:10 AM,105062,1.563,Human Resources,1,0
,7/27/2005,8:32 AM,79536,14.443,Product,0,0
Norma,2/28/1999,8:45 PM,114412,8.756,Marketing,0,1
James,11/22/1983,10:52 PM,68501,14.316,Marketing,1,0
Kathy,3/18/2000,7:26 PM,149563,16.991,Finance,0,1
Marilyn,8/22/1999,9:09 AM,103386,11.451,Distribution,1,0
Arthur,4/13/1998,11:28 AM,89786,14.422,Legal,0,1
Terry,9/3/1990,9:15 PM,52226,19.135,Client Services,1,0
Mary,8/13/1999,1:03 AM,134645,18.197,Business Development,1,0
,3/23/2014,1:28 PM,59148,9.061,Legal,0,0
,7/9/1991,6:52 PM,42341,7.014,Sales,0,0
Christopher,12/24/2011,12:22 PM,142178,17.984,Sales,0,1
Peter,9/3/1987,5:59 PM,38989,7.017,Marketing,0,1
Michelle,11/4/1996,9:34 PM,53754,5.455,Product,0,1
Irene,1/29/1992,11:36 AM,133772,19.02,Sales,0,1
Patrick,8/17/2007,3:16 AM,143499,17.495,Engineering,0,1
Sara,9/23/1991,6:17 PM,97058,9.402,Finance,1,0
Lillian,12/21/2008,6:51 PM,85446,3.959,Engineering,0,1
,9/18/2007,6:59 PM,40297,6.185,Client Services,0,0
Willie,2/17/1998,8:20 PM,146651,1.451,Engineering,0,1
Victor,1/8/2003,1:02 PM,124486,10.166,Product,1,0
Wayne,4/7/2012,8:00 AM,102652,14.085,Distribution,0,1
Jane,9/3/1997,2:01 AM,144474,17.648,Product,1,0
Jessica,10/23/1995,5:53 AM,68759,19.343,Finance,0,1
Mark,4/12/2008,5:40 PM,57286,5.025,Business Development,0,1
Randy,11/14/1999,12:12 PM,58129,1.952,Distribution,0,1
Lillian,6/19/1999,4:44 PM,123940,12.184,Business Development,0,1
Ruth,5/18/1999,5:56 AM,98233,2.518,Distribution,0,1
Jerry,12/18/2003,6:46 AM,140810,9.177,Client Services,0,1
Sandra,1/19/1983,7:25 AM,42090,8.842,Legal,0,1
,2/23/2005,9:50 PM,149654,1.825,Sales,0,0
Roger,11/19/2004,3:55 PM,51430,6.46,Marketing,1,0
Charles,10/14/2000,9:40 PM,71749,15.931,Legal,1,0
Clarence,5/2/1998,3:16 AM,85700,1.215,Sales,1,0
Carol,3/19/1996,3:39 AM,57783,9.129,Finance,1,0
Lois,10/18/2013,4:51 PM,36946,6.652,Engineering,1,0
Barbara,5/3/2003,7:32 PM,99326,16.475,Legal,0,1
Rebecca,2/18/1995,6:50 AM,109259,4.443,Legal,0,1
Irene,1/30/2004,8:25 PM,131038,8.996,Distribution,1,0
Ronald,4/30/2014,2:19 PM,121068,12.757,Product,0,1
Steven,11/10/1985,10:53 AM,62719,19.127,Client Services,1,0
Carolyn,11/6/2012,3:51 AM,69268,3.031,Client Services,1,0
Maria,12/27/1990,9:57 PM,36067,9.64,Product,0,1
Jonathan,7/17/2009,8:15 AM,130581,16.736,,0,1
Gary,8/12/1987,12:04 AM,89661,8.525,Finance,1,0
Kimberly,7/15/1997,5:57 AM,36643,7.953,Marketing,1,0
Roger,11/8/1982,2:32 AM,140558,5.084,Sales,0,1
Diana,1/4/2013,7:53 AM,103521,2.784,Business Development,0,1
Willie,6/6/2006,9:45 AM,55281,4.935,Marketing,0,1
Brandon,3/27/2006,5:54 PM,115711,8.012,Finance,0,1
Patricia,12/6/2012,4:01 AM,114079,8.399,Client Services,0,1
Katherine,11/14/1999,8:15 AM,57531,1.767,Client Services,1,0
Jonathan,10/12/1987,2:59 AM,141069,4.903,Human Resources,1,0
Emily,9/20/2007,11:25 AM,89434,11.295,Engineering,1,0
Ruth,8/12/1986,7:29 PM,44639,9.148,Legal,0,1
Linda,6/24/2006,12:04 PM,110967,19.612,Human Resources,0,1
Lisa,11/2/2009,9:42 AM,115387,1.821,Client Services,1,0
Evelyn,5/24/1980,11:10 PM,81673,15.364,Engineering,0,1
Julie,7/23/1989,1:52 PM,109588,3.55,Engineering,1,0
Mary,5/30/2009,11:41 PM,92544,3.8,Client Services,1,0
Matthew,7/31/2013,8:04 AM,142373,2.462,Marketing,1,0
Douglas,9/3/1999,4:00 PM,83341,1.015,Client Services,0,1
Gregory,6/15/1992,5:08 AM,98865,10.628,Finance,0,1
Billy,3/13/1995,12:05 PM,120444,7.768,Finance,0,1
,6/17/1991,12:49 PM,71945,5.56,Marketing,0,0
Gregory,1/29/2000,6:01 AM,109564,3.845,Legal,1,0
Jason,10/17/1999,10:09 PM,78417,3.067,Finance,1,0
Daniel,4/30/2010,3:48 AM,106947,15.866,Legal,0,1
Sarah,9/14/1995,7:50 AM,87298,2.311,Distribution,1,0
Harry,10/1/2015,7:47 PM,64579,15.266,Sales,0,1
Kathy,4/19/1995,12:46 AM,50905,9.404,Finance,0,1
Todd,4/13/1999,10:31 AM,59728,11.226,Client Services,0,1
Bobby,9/23/1994,1:29 AM,51685,17.445,Engineering,0,1
Jeremy,6/8/2000,12:15 AM,49542,1.679,Distribution,0,1
George,2/24/1988,11:29 AM,38375,8.999,Legal,1,0
Diane,4/18/1993,3:22 AM,64084,17.018,Product,1,0
Marilyn,4/4/1997,9:28 PM,147663,10.263,Human Resources,1,0
Kathryn,2/4/2004,1:47 PM,73935,14.752,Sales,1,0
Irene,2/4/1982,5:26 PM,40837,12.182,Client Services,0,1
Norma,2/11/2015,11:44 PM,94393,3.643,Engineering,0,1
Laura,4/2/2006,1:57 PM,42087,2.624,Product,1,0
Cheryl,9/23/2008,2:57 AM,52080,9.375,Legal,1,0
Kevin,3/25/1982,7:31 AM,35061,5.128,Legal,1,0
Lillian,5/12/2016,3:43 PM,64164,17.612,Human Resources,1,0
Phyllis,4/21/1984,7:05 PM,94088,19.107,Distribution,1,0
Walter,7/6/1983,11:54 PM,127813,5.961,Finance,1,0
Robert,10/27/1990,7:15 PM,38041,18.428,Engineering,0,1
Jimmy,10/7/1986,5:53 PM,126310,5.413,Product,0,1
Clarence,10/8/1996,12:53 PM,142561,8.866,Client Services,1,0
Victor,4/11/1991,7:44 AM,70817,17.138,Engineering,1,0
Fred,12/2/1984,2:03 PM,59937,12.045,Human Resources,0,1
Brenda,7/27/2010,11:07 PM,106115,3.742,Product,0,1
Justin,12/6/1992,5:58 PM,82782,4.366,Distribution,0,1
Betty,6/12/2002,3:59 AM,104896,19.55,Business Development,0,1
Randy,2/6/1986,3:04 PM,133943,8.94,Sales,0,1
Sharon,3/1/1990,3:46 AM,83658,6.513,Business Development,1,0
Ralph,11/11/2004,1:35 AM,71896,4.232,Marketing,0,1
,4/28/2003,3:01 AM,113732,10.391,Sales,0,0
Edward,5/27/1985,10:13 PM,110485,7.995,Client Services,1,0
Denise,3/20/2009,7:57 AM,115118,5.108,Human Resources,1,0
Debra,3/13/1998,11:16 PM,48696,4.75,Legal,1,0
,11/25/1999,6:16 AM,42676,15.517,Sales,0,0
Michael,1/24/2002,3:04 AM,43586,12.659,,1,0
Henry,2/6/1995,8:34 AM,89258,15.585,Human Resources,0,1
Gloria,3/27/2007,1:44 AM,90730,2.491,Distribution,1,0
Marie,8/6/1995,1:58 PM,100308,13.677,Product,1,0
Anne,7/16/1986,2:08 PM,69134,3.723,Engineering,0,1
Sarah,11/21/1985,1:08 PM,58295,14.603,Engineering,0,1
Stephanie,3/24/1983,11:15 AM,50141,13.218,Human Resources,0,1
Roy,9/23/2004,1:31 PM,101941,3.45,Client Services,1,0
,8/5/2009,8:14 AM,115145,14.063,Distribution,0,0
,2/4/2005,1:01 PM,40451,16.044,Distribution,0,0
Irene,3/3/1982,8:26 AM,56526,5.81,Finance,0,1
,8/2/1992,8:35 PM,145316,18.517,Human Resources,0,0
Thomas,4/6/2011,1:04 PM,103235,9.554,Human Resources,0,1
Frank,11/20/2001,10:18 AM,58563,12.062,Marketing,0,1
Fred,2/20/1980,2:25 AM,74129,18.225,Product,1,0
Nicholas,4/12/1994,8:21 PM,74669,1.113,Product,0,1
Howard,10/5/1982,7:22 AM,97490,5.46,Marketing,0,1
Debra,2/22/1994,10:25 PM,104250,18.456,Business Development,0,1
Christine,7/3/1989,4:01 AM,94345,11.996,Finance,1,0
Brenda,5/29/1991,6:32 AM,82439,19.062,Sales,1,0
Betty,6/28/2005,6:03 PM,51613,12.984,Distribution,1,0
Ruby,11/8/2000,7:35 PM,105946,1.139,Business Development,1,0
Kevin,7/12/1997,2:07 AM,46080,9.635,Business Development,1,0
Arthur,1/1/2014,7:46 PM,134610,6.147,Human Resources,0,1
Carl,2/7/2014,3:57 AM,125104,12.345,Client Services,1,0
Todd,3/11/2009,3:43 AM,107281,1.612,Engineering,0,1
Brenda,10/6/2005,9:33 PM,141521,4.337,Client Services,1,0
Judy,9/16/1997,12:10 AM,65931,2.304,Human Resources,1,0
Todd,2/2/1984,10:13 AM,69989,10.985,Finance,0,1
Lois,11/9/2011,7:06 AM,147183,9.999,Client Services,0,1
Walter,12/21/1999,10:33 PM,66757,18.099,Distribution,1,0
Jessica,9/27/1985,1:35 PM,75145,6.388,Legal,0,1
Jeremy,6/14/1988,6:20 PM,129460,13.657,,0,1
Tammy,11/11/1984,10:30 AM,132839,17.463,Client Services,0,1
Anne,3/7/2000,6:45 AM,44537,18.284,Client Services,0,1
Jesse,10/25/1999,3:35 PM,118733,9.653,Marketing,1,0
Virginia,10/20/1999,6:23 AM,46905,19.154,Distribution,1,0
Jesse,3/2/1981,7:26 PM,79582,3.873,Legal,1,0
Jeremy,11/10/1996,1:49 PM,55394,3.18,Sales,0,1
Daniel,9/15/2007,10:16 PM,123811,7.664,Human Resources,0,1
Patrick,8/30/2004,11:43 AM,137314,4.542,Marketing,0,1
Emily,1/13/1988,6:42 AM,36711,19.028,Human Resources,0,1
Alan,6/26/1988,3:54 AM,111786,3.592,Engineering,0,1
James,7/11/2015,8:52 PM,72257,13.023,Engineering,1,0
Adam,7/5/2007,11:59 AM,71276,5.027,Human Resources,0,1
Joan,7/25/1980,12:22 PM,38712,3.657,Client Services,1,0
Jeremy,8/12/1981,12:05 AM,46930,18.702,Finance,0,1
Margaret,2/6/1993,1:05 PM,125220,3.733,Marketing,1,0
Mark,4/1/1984,1:21 PM,121477,17.44,Business Development,0,1
Marilyn,9/26/1981,2:23 AM,86386,2.937,Distribution,1,0
Cheryl,9/8/2009,10:16 AM,81308,2.196,Legal,0,1
Benjamin,9/11/1984,6:37 AM,84810,15.794,Marketing,1,0
Harold,2/20/1990,11:00 PM,66775,2.158,Legal,0,1
Ernest,1/18/2002,1:51 AM,72145,13.448,Finance,0,1
Gerald,4/16/2001,10:09 PM,121604,1.923,Sales,0,1
Judy,7/1/1991,2:33 AM,109510,13.457,Legal,0,1
Bobby,3/31/1996,5:40 PM,112117,6.338,,1,0
Bobby,9/1/1995,2:09 PM,108127,15.858,Client Services,1,0
Marie,10/3/2013,8:05 PM,123711,10.966,Product,1,0
Kathy,12/18/2013,3:09 PM,132381,8.34,Business Development,1,0
Roy,8/6/2006,7:52 AM,148225,1.841,Finance,1,0
Jacqueline,11/25/1981,3:01 PM,145988,18.243,Marketing,1,0
,7/8/2008,11:40 PM,62960,14.356,Sales,0,0
Julie,3/23/1986,9:26 AM,56926,7.507,Sales,1,0
Douglas,1/8/2002,6:42 PM,41428,14.372,Product,1,0
Linda,12/16/1990,2:20 AM,115658,3.041,Sales,0,1
Ruby,12/10/1988,8:27 PM,76707,6.031,Business Development,1,0
Russell,1/2/2005,1:48 AM,60388,17.885,Client Services,1,0
Jeffrey,6/18/1997,8:01 PM,45150,12.075,Product,0,1
Aaron,1/29/1994,6:48 PM,58755,5.097,Marketing,0,1
Samuel,12/19/1991,2:54 AM,76076,5.319,Finance,0,1
,1/27/2010,2:57 AM,87760,14.987,Engineering,0,0
Randy,3/16/2014,6:24 PM,135119,7.887,Client Services,1,0
Evelyn,9/3/1983,1:58 PM,36759,17.269,Marketing,0,1
Fred,2/13/1987,2:15 PM,121723,18.645,Product,0,1
Shirley,6/8/1986,2:25 AM,110061,7.494,Client Services,1,0
Todd,5/23/2011,4:14 PM,85074,1.844,Client Services,1,0
Robert,11/18/2014,5:00 AM,85799,19.93,Finance,1,0
Mark,1/22/2007,2:37 PM,75150,12.182,Legal,0,1
Earl,1/5/2000,5:46 PM,91344,4.035,Sales,0,1
Richard,9/27/2005,1:41 AM,86326,10.717,Product,1,0
Michael,11/22/1991,12:57 PM,98753,16.443,Human Resources,0,1
Steven,5/12/2009,2:14 PM,113060,2.846,Sales,0,1
Carlos,9/19/2007,1:01 AM,77327,11.58,Finance,0,1
Marie,10/20/2011,10:09 PM,62666,10.247,Product,1,0
Ronald,2/24/2009,2:09 PM,96633,4.99,Engineering,0,1
Scott,5/12/2009,4:36 AM,58248,3.914,Business Development,1,0
Steven,11/21/2006,8:30 AM,83706,6.96,Human Resources,0,1
James,11/22/1998,3:48 AM,74086,5.778,Human Resources,0,1
Lori,3/31/1988,10:59 PM,95389,14.223,Sales,1,0
Philip,8/2/1989,11:21 AM,129968,19.897,Finance,1,0
Phyllis,11/24/2005,11:57 PM,140347,8.723,Sales,1,0
Thomas,8/31/1995,8:31 PM,41549,3.95,Sales,1,0
Cynthia,12/3/2012,11:03 PM,74287,10.751,Sales,1,0
,10/9/2011,9:29 AM,69906,4.844,Engineering,0,0
,4/22/1997,9:36 PM,65078,3.095,Marketing,0,0
Elizabeth,11/10/2005,4:56 AM,106406,1.782,Legal,0,1
Andrea,9/14/2003,10:30 PM,115913,12.121,Legal,1,0
Judy,2/1/1990,3:32 PM,38092,5.668,Distribution,1,0
Russell,8/13/2014,3:51 PM,121160,7.843,Engineering,1,0
Scott,12/17/2011,3:45 AM,90429,4.45,Product,1,0
Sarah,5/22/1994,7:06 AM,64207,7.824,Client Services,0,1
Susan,9/25/2004,1:30 AM,80688,18.892,Sales,0,1
Margaret,5/5/2014,6:01 AM,55044,4.078,Sales,1,0
Joshua,11/9/2009,6:32 AM,72893,9.555,Distribution,1,0
Justin,4/15/2005,8:43 PM,96978,13.865,Finance,1,0
Juan,4/16/2002,11:09 PM,97364,3.595,Product,1,0
Gloria,7/19/1983,1:57 AM,140885,1.113,Human Resources,1,0
Jennifer,1/24/1989,8:38 PM,58520,16.231,Client Services,0,1
Edward,8/4/1989,6:06 AM,66067,10.957,,0,1
Marilyn,12/17/1982,12:10 PM,147183,8.748,Business Development,1,0
Mary,10/18/2009,6:32 PM,87721,12.484,Product,1,0
Linda,7/15/2009,10:12 PM,144001,2.194,Business Development,1,0
Larry,8/27/2003,1:00 PM,91133,5.14,Sales,1,0
Albert,2/1/1997,4:20 PM,67827,19.717,Engineering,0,1
Kenneth,4/13/1999,10:28 PM,81839,12.072,Sales,1,0
,12/31/2006,11:02 PM,81444,3.171,Distribution,0,0
Gregory,7/9/2011,11:31 PM,137661,4.805,Sales,0,1
Brandon,10/16/2015,2:44 AM,112548,4.664,Engineering,1,0
Stephen,4/9/1987,12:47 PM,111249,10.574,Human Resources,0,1
Russell,10/30/1994,5:46 AM,114334,9.669,Product,1,0
,9/18/2002,12:39 PM,118906,4.537,Marketing,0,0
Pamela,7/15/2001,1:33 PM,72979,5.66,Sales,1,0
Scott,8/3/1996,1:50 AM,64172,10.894,Engineering,0,1
,4/18/1996,3:57 PM,107024,12.182,,0,0
Carlos,7/28/2010,3:08 PM,50167,2.362,Product,1,0
Jack,12/24/1980,10:58 PM,106995,15.723,Product,1,0
Debra,1/19/2010,8:48 AM,70492,8.895,Client Services,1,0
Phyllis,1/15/1995,5:27 AM,125881,16.697,Sales,1,0
Robert,10/29/1994,4:26 AM,123294,19.894,Client Services,1,0
Gloria,9/19/1989,7:40 PM,131045,11.312,Product,0,1
Sharon,10/28/1984,5:59 PM,97635,10.413,Client Services,0,1
Barbara,4/26/2001,12:22 AM,94493,13.443,Sales,0,1
Marilyn,8/15/1989,9:14 AM,140502,9.989,Sales,0,1
Ralph,10/27/2010,10:28 AM,106310,4.03,Client Services,0,1
Harry,12/5/1996,5:45 AM,46240,6.976,Engineering,0,1
Robin,1/8/1998,2:12 AM,111163,5.025,Product,0,1
Kathy,11/25/2001,9:55 PM,93753,7.094,Sales,0,1
Rose,7/6/2002,3:57 PM,63494,19.385,Human Resources,0,1
Clarence,1/13/2005,9:00 AM,116693,13.835,Distribution,0,1
Doris,7/29/1992,6:40 PM,85215,7.425,Human Resources,0,1
Kathryn,6/9/1988,9:29 AM,86439,7.799,Finance,1,0
Billy,3/16/2004,8:21 AM,62913,18.241,Marketing,0,1
Norma,4/16/1996,5:40 AM,38872,9.302,Business Development,0,1
Richard,11/28/1992,5:05 PM,124655,14.272,Engineering,0,1
Craig,2/8/1984,4:45 AM,113506,19.642,Marketing,1,0
Sarah,7/20/1990,10:49 PM,109980,8.86,Sales,1,0
Sharon,3/9/2014,4:39 PM,91522,7.564,Finance,1,0
Mary,8/22/2010,8:03 AM,42214,17.538,Business Development,0,1
Steve,2/23/2002,3:55 AM,83159,9.55,Distribution,0,1
Joe,12/5/2010,4:20 PM,144082,1.62,Client Services,0,1
Jeremy,5/29/1994,6:24 AM,47885,19.276,Human Resources,0,1
Ernest,8/14/2012,11:25 AM,126232,6.191,Sales,0,1
Kevin,6/23/1981,8:26 PM,134598,11.699,Business Development,1,0
Jacqueline,2/11/2007,2:01 AM,66604,14.609,Legal,1,0
Johnny,9/14/1992,8:21 AM,115194,5.861,Marketing,0,1
Gary,8/18/2011,8:12 AM,49101,11.9,Business Development,0,1
Shirley,11/16/1990,6:01 PM,67811,12.699,Finance,1,0
,6/29/2008,5:23 AM,111043,5.966,Distribution,0,0
Sarah,8/31/1981,2:51 PM,37748,9.047,Human Resources,1,0
Julia,3/2/1982,12:52 PM,36403,2.664,Finance,0,1
Dorothy,11/5/2013,10:50 PM,140136,3.12,Business Development,0,1
Justin,5/22/1986,6:30 AM,121508,19.334,Finance,0,1
Kevin,11/20/1986,6:59 PM,79906,18.021,Sales,0,1
Victor,9/24/2005,12:04 PM,123144,16.261,Product,0,1
Deborah,11/25/1980,4:33 AM,46953,17.436,Client Services,1,0
Matthew,6/9/2003,7:35 AM,79443,14.637,Human Resources,1,0
Alice,5/2/1986,1:50 AM,51395,2.378,Finance,0,1
Todd,3/16/2016,2:45 PM,134408,3.56,Human Resources,0,1
Frank,1/10/1981,1:30 PM,71853,8.037,Sales,0,1
Christopher,5/13/1999,10:48 AM,68028,7.869,Finance,0,1
Rose,5/28/2015,8:40 AM,149903,5.63,Human Resources,1,0
Andrea,10/1/2010,11:54 AM,79123,19.422,Distribution,1,0
Charles,12/16/1999,8:28 PM,104014,7.077,Legal,1,0
Jessica,3/7/2015,8:45 PM,121160,12.993,Client Services,1,0
Wanda,7/20/2008,1:44 PM,65362,7.132,Legal,0,1
Joyce,2/7/1995,7:38 AM,50701,14.227,,0,1
Billy,12/1/2006,3:32 PM,144709,10.069,Distribution,0,1
Kathryn,8/29/2007,6:10 AM,53061,11.864,Finance,0,1
Denise,3/18/2001,12:02 AM,36697,11.196,Sales,0,1
Jason,11/20/1998,2:54 PM,69244,6.22,,0,1
Nicholas,3/1/2013,9:26 PM,101036,2.826,Human Resources,0,1
Aaron,7/22/1990,2:53 PM,52119,11.343,Client Services,0,1
Louise,5/13/2003,9:47 AM,46666,1.886,Business Development,0,1
Julie,4/23/1998,5:52 AM,73437,2.518,Finance,0,1
Kathy,5/8/1987,6:19 PM,86318,18.492,Sales,0,1
,5/24/2016,9:17 PM,76409,7.008,Distribution,0,0
Chris,12/12/2006,1:57 AM,71642,1.496,,1,0
Cheryl,8/16/1994,8:33 AM,67150,15.85,Marketing,0,1
Gregory,5/15/2009,3:52 PM,142208,11.204,Engineering,0,1
Wayne,1/30/1992,3:01 PM,81183,17.066,Client Services,1,0
Beverly,11/30/2005,2:57 AM,107163,3.665,Human Resources,0,1
Willie,8/22/2009,1:03 PM,55038,19.691,Legal,1,0
Terry,7/15/2016,12:29 AM,140002,19.49,Marketing,0,1
Scott,11/17/2012,2:47 PM,146812,1.965,Marketing,0,1
Annie,12/19/1994,6:19 AM,40119,4.338,Human Resources,0,1
,2/21/1995,12:26 AM,136602,10.429,Marketing,0,0
Ruth,10/24/2000,4:13 AM,69579,18.029,Human Resources,0,1
Deborah,2/3/1983,11:38 PM,101457,6.662,Engineering,1,0
Patricia,1/9/2015,4:16 AM,121232,16.624,Legal,1,0
Albert,9/30/2007,5:34 PM,102626,15.843,Finance,1,0
Charles,3/1/1987,1:00 PM,137171,5.574,Marketing,0,1
Tina,1/17/2005,9:11 AM,88276,14.248,Legal,1,0
Jeremy,8/9/2001,3:56 AM,43354,13.946,Marketing,1,0
Craig,4/14/1996,9:17 AM,125556,7.996,Engineering,1,0
Jose,7/11/2002,9:15 AM,59862,3.269,Product,1,0
Lawrence,5/13/2005,1:25 AM,74640,18.641,Marketing,1,0
Helen,10/31/1997,2:43 AM,52875,4.188,Legal,1,0
Walter,8/4/2007,1:59 PM,58789,5.461,Sales,1,0
Amy,6/19/2002,3:06 AM,122897,8.222,Engineering,0,1
Janice,6/28/1997,1:48 PM,136032,10.696,Marketing,0,1
Stephen,5/9/2015,7:07 PM,141958,9.078,Legal,0,1
Ryan,7/20/1993,10:18 PM,139917,11.466,Distribution,1,0
Sharon,3/12/2002,6:32 AM,147635,14.693,Human Resources,1,0
Joshua,7/10/1984,7:22 PM,68230,8.047,Client Services,1,0
Clarence,8/20/1992,8:23 PM,124365,8.457,Business Development,1,0
Jonathan,8/15/2002,12:01 AM,104749,11.364,Engineering,1,0
Stephanie,11/26/1992,12:54 AM,122121,7.937,Engineering,0,1
Kathy,10/25/1996,12:59 PM,143541,8.461,Human Resources,1,0
Albert,8/14/2008,5:43 PM,137840,9.705,Business Development,1,0
Michael,5/22/2011,10:42 AM,73354,18.357,Business Development,1,0
Richard,7/4/1997,11:47 AM,47647,18.787,,0,1
Amy,3/30/2008,10:54 PM,106249,15.967,Sales,1,0
,4/27/2013,6:40 AM,93847,1.085,Business Development,0,0
Beverly,5/3/1995,5:49 AM,104815,3.38,Product,1,0
,4/26/1992,8:01 PM,115436,3.099,Human Resources,0,0
Joe,4/14/2000,3:14 PM,50645,11.119,Marketing,1,0
Ashley,8/15/1997,9:48 PM,142415,1.985,Finance,0,1
Howard,4/9/2012,6:36 AM,37984,2.021,Distribution,1,0
Cheryl,12/3/2014,9:27 AM,71751,15.918,Business Development,1,0
Robert,3/11/2007,11:20 AM,135882,19.944,Legal,1,0
Sharon,7/1/2011,9:50 AM,46007,19.731,Client Services,0,1
Judith,11/23/2007,1:22 PM,117055,7.461,Marketing,1,0
Nicholas,9/9/1989,7:12 PM,58478,6.525,Distribution,0,1
Jerry,1/30/1995,7:51 PM,121357,18.845,Business Development,1,0
Craig,11/1/2005,11:31 PM,44857,13.266,Finance,1,0
Barbara,3/21/2002,8:02 AM,47322,7.25,Sales,0,1
Eugene,5/24/1984,10:54 AM,81077,2.117,Sales,1,0
Johnny,2/26/2016,7:39 PM,76394,5.437,Marketing,0,1
Benjamin,5/5/2013,3:28 PM,114356,7.123,Client Services,1,0
Diana,6/13/1994,4:21 PM,41831,4.548,Business Development,1,0
Barbara,12/10/1980,11:04 PM,90187,14.764,Distribution,0,1
Christine,2/1/2003,1:11 PM,72613,11.126,Legal,1,0
Sean,2/11/2013,7:07 PM,42748,9.765,Distribution,1,0
Sarah,11/3/1980,2:47 PM,37259,1.763,Client Services,1,0
Roger,8/3/2015,4:56 PM,125033,4.887,Marketing,0,1
,6/24/2014,10:05 AM,38275,10.494,Distribution,0,0
,4/20/1980,1:17 PM,71520,13.248,Engineering,0,0
Donald,7/14/1995,7:51 AM,106472,6.499,Client Services,0,1
Clarence,11/3/2015,12:11 AM,103684,18.654,Engineering,0,1
Scott,11/23/1996,7:36 PM,96111,15.592,Human Resources,1,0
Ann,11/4/1984,12:17 PM,90719,6.22,Business Development,1,0
Frank,4/27/2003,12:04 PM,140303,17.07,Legal,1,0
Joe,7/4/1983,7:32 AM,62161,8.13,Business Development,0,1
Wanda,4/6/1993,3:11 AM,78883,19.695,,1,0
Jimmy,11/19/2013,7:29 PM,63549,19.624,,1,0
Amy,12/25/1984,10:52 AM,63888,18.115,Product,0,1
Larry,1/8/1999,2:05 AM,97370,10.458,Sales,1,0
Gloria,4/12/1992,8:26 PM,66224,15.979,Legal,0,1
Ruth,12/12/1996,10:07 AM,97915,3.997,Human Resources,0,1
Diana,1/19/1995,12:37 AM,86883,18.003,Product,0,1
Raymond,2/16/2009,10:38 PM,37812,3.178,Human Resources,1,0
Peter,2/22/2003,9:09 AM,56580,8.411,,0,1
,9/25/1981,9:59 AM,83895,17.971,Engineering,0,0
Catherine,8/31/2013,7:24 PM,58047,14.858,Distribution,0,1
Diane,7/5/1982,4:56 PM,124889,15.026,Sales,0,1
Peter,10/13/2014,9:33 PM,118840,14.509,Client Services,0,1
Steve,8/22/1995,6:58 AM,67780,9.54,Human Resources,0,1
Barbara,3/22/2004,8:11 AM,144677,8.696,Finance,1,0
Helen,12/2/1993,1:42 PM,45724,1.022,Product,1,0
Jimmy,8/26/1983,2:48 AM,86676,7.175,Product,0,1
Christopher,4/23/2014,7:52 AM,82401,7.252,Client Services,1,0
Kathleen,6/13/2014,9:16 AM,35575,14.595,Distribution,1,0
Virginia,5/2/2010,9:10 PM,123649,10.154,Marketing,0,1
Lisa,2/26/2005,6:33 PM,38078,10.28,Product,0,1
Earl,2/11/2014,9:03 PM,52620,13.773,Product,1,0
Gerald,1/8/1992,3:50 PM,133366,12.292,Legal,1,0
Louise,9/18/1981,5:47 AM,91462,8.205,Marketing,1,0
Clarence,8/26/1982,9:47 AM,146589,4.905,Business Development,0,1
Cynthia,9/14/1991,1:08 PM,51633,13.472,Business Development,0,1
Adam,10/8/2010,9:53 PM,45181,3.491,Human Resources,1,0
Justin,9/6/1999,10:30 AM,62454,3.459,Sales,0,1
,12/2/2009,3:30 AM,84746,4.82,Finance,0,0
Ruby,5/1/1999,3:36 AM,147362,7.851,Engineering,0,1
Amanda,8/1/2004,1:32 PM,80803,14.077,Distribution,0,1
Anna,4/15/2008,2:34 PM,117293,2.366,Client Services,1,0
Roger,7/3/2010,5:11 PM,105689,13.32,Marketing,0,1
Julie,2/4/1999,5:35 PM,93302,9.048,Product,0,1
Joseph,9/10/1992,6:50 PM,102555,3.672,Product,0,1
Evelyn,9/22/1998,7:55 PM,51525,10.366,Finance,1,0
Janice,1/2/1984,9:06 PM,41190,3.311,Sales,0,1
Sara,2/25/1980,10:50 PM,75484,3.186,Finance,1,0
Gregory,6/18/1984,3:46 AM,82726,16.304,Marketing,0,1
Philip,7/18/1985,6:36 AM,122319,19.122,Engineering,1,0
Barbara,9/2/1991,3:41 PM,127297,11.905,Product,0,1
Amanda,6/7/2002,7:46 AM,109290,13.853,Engineering,1,0
Phyllis,10/25/1985,7:11 AM,99150,6.007,Client Services,1,0
Anne,10/26/1996,8:09 PM,71930,18.451,Product,0,1
Arthur,12/16/2014,4:56 PM,66819,6.639,Marketing,0,1
Jane,6/1/1994,8:39 AM,42424,18.115,Distribution,1,0
Linda,8/18/1985,4:34 AM,51431,13.295,Engineering,1,0
Ashley,11/17/1999,9:18 PM,120675,6.51,Human Resources,1,0
Shawn,12/3/2009,10:24 AM,96610,2.097,Client Services,0,1
Kathleen,9/20/1996,3:45 PM,71430,8.572,Engineering,1,0
Sara,10/7/1983,1:35 PM,87713,18.863,Legal,0,1
Randy,5/2/2002,7:39 PM,86723,14.842,Engineering,1,0
Andrew,3/29/1985,6:57 PM,43414,7.563,Client Services,0,1
Marilyn,8/9/2006,11:24 AM,87145,17.33,Human Resources,1,0
Johnny,1/8/1995,1:35 PM,91124,12.986,Distribution,0,1
,4/1/1980,8:04 PM,48141,12.605,,0,0
Susan,4/18/1986,9:31 AM,90829,19.142,Marketing,1,0
Ruby,7/7/1980,3:42 AM,101262,6.773,Client Services,1,0
Kelly,8/16/1996,3:09 AM,41427,1.431,Product,1,0
Jonathan,4/6/1995,10:38 PM,56993,18.623,Marketing,1,0
Raymond,1/13/1996,4:14 PM,114244,16.69,Human Resources,1,0
Kimberly,12/30/1981,4:51 AM,81800,5.435,,0,1
,1/13/2009,1:01 PM,118736,7.421,Client Services,0,0
John,1/22/1995,12:17 AM,66077,5.809,Product,0,1
Michael,7/30/1993,5:35 PM,35013,14.879,Product,1,0
Jerry,5/4/2003,4:29 AM,98393,11.393,Client Services,1,0
Amanda,3/17/1982,11:46 PM,107111,1.438,Product,0,1
Harold,10/18/2010,8:45 PM,65673,1.187,Legal,0,1
Harry,1/27/1985,8:18 PM,65482,18.089,,1,0
Ernest,1/28/1990,12:08 AM,81919,15.118,Marketing,1,0
Harry,11/19/1982,11:25 AM,59277,10.2,Finance,1,0
Diane,2/2/1988,6:14 PM,49501,13.506,Business Development,1,0
Jack,5/30/2012,3:17 AM,70367,18.266,Legal,0,1
Shirley,4/16/1988,11:09 AM,132156,2.754,Marketing,1,0
Rose,10/30/2004,4:34 PM,56961,7.585,Marketing,1,0
Cheryl,7/23/1982,6:28 AM,98841,8.945,Client Services,0,1
Cynthia,5/23/1980,3:19 AM,78226,2.419,Human Resources,1,0
Sandra,4/24/1995,7:14 PM,116931,9.657,Human Resources,0,1
Andrea,10/30/1994,11:23 AM,87575,13.346,Business Development,0,1
Rachel,4/22/1988,12:01 PM,110924,7.808,Distribution,1,0
Justin,5/24/1981,11:15 PM,78351,15.221,Sales,1,0
Marie,11/23/2000,5:06 AM,125574,4.644,Sales,1,0
Louis,4/15/2011,5:02 AM,95198,2.075,Business Development,1,0
Nancy,5/7/1985,10:20 PM,121006,3.512,Finance,0,1
Mark,10/3/1984,5:31 AM,95728,6.752,Business Development,0,1
Teresa,6/24/1987,7:37 PM,69740,8.294,Distribution,1,0
Frances,7/21/2001,2:34 AM,91996,11.506,Product,1,0
,10/11/1990,10:57 PM,98385,10.925,Human Resources,0,0
Barbara,12/20/1994,10:09 AM,90556,15.749,Distribution,0,1
Christine,6/15/1980,6:00 PM,50366,9.862,Marketing,0,1
Bobby,7/21/2003,3:50 PM,84232,15.704,Engineering,0,1
Carl,10/26/1991,8:11 AM,100888,12.49,Business Development,0,1
Bruce,3/15/2013,11:13 PM,141335,15.427,Engineering,0,1
Rose,5/20/1982,9:14 AM,97691,2.142,Client Services,1,0
Mildred,2/21/1981,3:30 AM,47266,10.256,Client Services,1,0
,10/13/1983,11:59 PM,139754,12.74,Sales,0,0
,10/24/1993,5:17 PM,116236,17.274,Engineering,0,0
Todd,2/16/2010,11:29 AM,103405,15.91,Sales,1,0
Alan,2/17/2012,12:26 AM,41453,10.084,Product,1,0
Elizabeth,2/16/1981,3:58 AM,52730,12.525,Marketing,1,0
Julie,10/21/2000,1:15 AM,60361,7.099,Distribution,0,1
Teresa,1/3/1992,3:47 PM,63103,11.378,Finance,1,0
Eric,11/12/2004,9:16 PM,65168,11.513,Distribution,1,0
Edward,8/30/2001,1:24 AM,73105,6.083,Engineering,0,1
Kimberly,12/6/1986,2:23 PM,37916,12.929,Distribution,0,1
Kathy,1/14/2001,5:11 AM,45682,1.451,Marketing,0,1
Peter,11/24/1992,5:43 PM,69297,1.268,Finance,1,0
Beverly,10/22/1990,2:45 PM,59070,19.064,Engineering,0,1
Ralph,3/7/2012,2:25 AM,81215,8.4,Finance,1,0
Justin,8/10/1997,11:00 PM,128036,18.824,Client Services,1,0
Irene,6/23/2005,11:03 AM,89780,8.999,Sales,0,1
Irene,11/29/2006,2:14 PM,125018,9.601,Legal,0,1
Jeremy,11/26/1997,8:22 AM,133033,12.2,Sales,1,0
Cynthia,6/29/2015,6:38 AM,82408,8.701,Marketing,0,1
,4/13/1997,8:03 AM,131755,2.93,,0,0
Anne,11/21/1984,12:30 PM,128305,16.636,Marketing,1,0
,9/2/1988,12:49 PM,147309,1.702,Distribution,0,0
Debra,3/12/1983,12:19 PM,74911,19.513,Marketing,1,0
Michael,7/13/1988,1:48 PM,47079,2.617,Legal,1,0
Jason,3/6/2008,1:20 AM,82873,1.869,Client Services,1,0
Rebecca,2/23/1990,3:21 PM,134673,6.878,Engineering,1,0
Andrea,11/17/2011,2:37 PM,123591,6.5,Engineering,0,1
Carl,3/30/1987,5:59 PM,75598,19.289,,1,0
Randy,9/27/2000,3:04 AM,89831,13.047,,0,1
Marilyn,7/2/1984,4:06 PM,92430,2.924,Engineering,1,0
Wayne,9/2/2009,1:37 AM,126956,18.396,Human Resources,1,0
Frances,11/12/1996,6:08 PM,112467,1.433,Business Development,1,0
Amanda,8/11/1991,2:15 PM,46665,19.391,Client Services,0,1
Kathleen,8/28/2004,10:49 AM,42553,3.756,Distribution,0,1
Amanda,1/25/1995,5:06 AM,102081,5.203,Sales,1,0
Amanda,3/16/2010,9:17 AM,135118,15.108,Finance,1,0
Shawn,9/29/1987,10:11 PM,71975,9.77,Human Resources,1,0
Katherine,8/13/1996,12:21 AM,149908,18.912,Finance,1,0
Anna,3/13/1985,9:19 AM,45418,10.162,Marketing,1,0
Elizabeth,2/21/2010,7:02 AM,79145,19.78,Finance,1,0
Donald,4/6/1988,10:00 AM,122920,5.32,,1,0
Gregory,11/15/1999,5:22 PM,128031,15.857,Business Development,0,1
Ruth,2/17/2004,5:38 AM,59969,14.064,Finance,0,1
Cynthia,7/5/1986,1:24 AM,35381,11.749,Finance,1,0
Deborah,11/21/1985,1:40 PM,113129,17.371,Client Services,1,0
Willie,12/5/2009,5:39 AM,141932,1.017,Engineering,0,1
Debra,5/28/2006,6:51 AM,42296,16.922,Product,1,0
Carl,12/14/1984,8:49 PM,63395,11.411,Legal,1,0
Walter,9/24/2007,11:16 PM,125382,13.613,Client Services,0,1
Lisa,2/9/1982,6:44 PM,113592,17.108,Marketing,0,1
Rebecca,3/5/2000,10:33 AM,46750,11.367,Sales,0,1
Jessica,10/19/1986,9:58 PM,90285,13.591,Client Services,0,1
Steve,8/27/2009,3:41 PM,53692,4.785,Marketing,0,1
Mary,12/24/1986,7:02 PM,100341,6.662,Distribution,1,0
Craig,8/21/1995,2:38 AM,123876,4.225,Engineering,1,0
Katherine,12/19/2000,1:40 AM,41643,4.659,Distribution,0,1
Andrea,8/31/1989,11:10 PM,113760,12.866,Distribution,0,1
Timothy,10/6/2010,10:49 PM,49473,12.463,Legal,1,0
Anthony,2/13/2013,1:35 PM,146141,3.645,Distribution,0,1
Harold,2/4/2004,11:02 AM,79459,7.776,Business Development,0,1
Douglas,2/4/2009,2:03 AM,104496,14.771,Marketing,0,1
James,12/5/2001,7:06 AM,67789,17.105,Legal,0,1
Joseph,3/28/1982,1:05 PM,86564,11.879,,0,1
Martha,9/14/2001,3:22 AM,135758,14.782,Client Services,0,1
Laura,7/12/2000,6:07 PM,84672,3.96,Distribution,1,0
Robert,11/5/1982,12:41 PM,111580,10.982,Human Resources,1,0
Ralph,3/24/1996,11:54 AM,50455,16.248,Business Development,1,0
,8/28/2012,7:56 PM,88733,1.932,Human Resources,0,0
Diane,10/30/2009,6:56 PM,130577,12.791,Marketing,1,0
Annie,6/6/1992,10:04 AM,138925,9.801,Marketing,0,1
Jacqueline,9/20/1994,6:07 PM,62371,15.77,Client Services,0,1
Brenda,4/17/1984,7:12 AM,87715,2.675,Product,1,0
Lori,9/11/2002,7:36 AM,66029,3.345,Client Services,0,1
Albert,6/17/1992,3:25 AM,86818,14.301,Engineering,0,1
Frank,11/23/2002,6:10 PM,75147,17.398,Product,1,0
Deborah,4/23/2000,6:55 PM,105573,5.268,Product,0,1
Robin,12/20/2005,2:42 PM,41230,6.611,Distribution,0,1
Alice,1/21/2016,5:07 PM,117787,10.485,,1,0
,10/20/1989,9:37 AM,88086,19.387,Finance,0,0
Paul,2/18/2011,12:23 PM,91462,18.704,Finance,1,0
,12/27/1996,7:07 AM,139959,8.992,Distribution,0,0
Brian,4/7/2007,10:47 PM,93901,17.821,Legal,0,1
Julie,5/8/1980,6:31 AM,50529,17.263,Finance,1,0
Bruce,1/28/2007,11:10 PM,134988,13.926,Sales,0,1
Joan,10/2/2007,2:53 AM,120941,3.694,Finance,0,1
Harold,5/15/2007,6:37 PM,118753,8.162,Sales,1,0
Alice,10/16/1995,9:19 PM,92799,2.782,Sales,1,0
Barbara,11/12/2011,12:35 AM,85718,13.326,Client Services,1,0
Sarah,4/6/1999,11:17 AM,109517,5.146,Human Resources,1,0
Samuel,5/25/2012,4:40 PM,85550,11.593,Marketing,0,1
,5/23/1990,2:09 AM,136655,9.801,Distribution,0,0
Barbara,8/2/2002,5:13 AM,43312,8.218,Legal,0,1
Amy,5/19/1984,11:47 AM,102839,10.385,Distribution,0,1
Frank,3/2/2009,9:15 PM,78891,7.927,Distribution,0,1
Robin,9/16/2005,1:26 AM,93201,11.712,Legal,0,1
Debra,3/17/2011,1:12 PM,84693,6.976,Finance,0,1
Brandon,5/31/2004,3:36 PM,73587,9.769,Human Resources,0,1
Thomas,9/7/1991,9:51 AM,65251,11.211,Distribution,1,0
Harry,9/23/2015,1:36 AM,129148,15.193,Engineering,0,1
Todd,7/4/1993,6:53 PM,128175,18.473,,0,1
Patricia,3/7/1998,1:10 AM,75825,7.839,Engineering,1,0
Steve,1/11/2002,9:17 PM,51821,1.197,Legal,0,1
,4/7/1995,4:32 AM,60411,12.048,Human Resources,0,0
Edward,11/27/1997,1:00 AM,58327,17.095,Finance,0,1
Karen,1/9/2014,10:09 PM,46478,16.552,Engineering,1,0
Martin,2/6/2001,4:17 AM,123963,15.745,Engineering,0,1
Ann,9/28/1994,5:44 AM,79796,9.851,Distribution,1,0
Jonathan,7/30/1984,6:02 PM,83809,12.922,Distribution,1,0
Peter,3/22/1982,7:28 AM,77933,13.132,Engineering,0,1
Eric,6/15/1993,3:56 AM,51070,13.806,Business Development,0,1
Jason,4/15/1988,8:16 PM,97480,11.518,Human Resources,1,0
Terry,10/21/2010,11:18 PM,58357,7.969,Engineering,1,0
John,1/29/1999,3:07 AM,67165,13.001,Engineering,1,0
Marie,4/8/1983,2:01 PM,145988,18.685,Human Resources,0,1
Harold,4/16/2010,5:13 AM,147417,11.626,Business Development,0,1
Joshua,6/27/1997,3:23 PM,95003,5.197,Marketing,0,1
Brandon,9/5/1992,2:32 AM,144187,11.416,Legal,0,1
Andrea,12/10/2001,6:40 AM,37888,13.47,Engineering,1,0
Jeremy,5/19/1991,1:40 PM,131513,1.876,Finance,0,1
Daniel,2/29/2016,4:04 AM,77287,13.0,,0,1
Roy,5/10/2004,1:22 PM,46875,12.942,Sales,0,1
Dorothy,10/8/2008,12:22 AM,82744,19.111,Client Services,0,1
Steven,9/7/1986,12:32 AM,43252,18.892,Client Services,1,0
Nicole,4/26/2009,12:40 AM,66047,18.674,Marketing,0,1
Ann,7/16/2001,9:27 AM,118431,12.772,Finance,0,1
Henry,5/12/1986,2:04 AM,59943,1.432,Finance,1,0
,6/17/2009,1:00 PM,136681,3.655,Business Development,0,0
,12/18/1994,8:42 PM,138807,1.4,Human Resources,0,0
Barbara,11/26/2002,5:32 AM,82884,6.837,Business Development,0,1
Judy,4/5/2011,1:44 AM,48668,11.716,Product,0,1
Lawrence,7/23/2011,3:41 AM,122971,14.618,Product,1,0
Joseph,10/10/2010,11:12 PM,107050,12.737,Business Development,1,0
Carlos,1/25/1981,10:00 AM,138598,14.737,Sales,1,0
Russell,5/9/2009,11:59 AM,149456,3.533,Marketing,1,0
Jane,7/10/1999,7:02 PM,128540,15.941,Legal,1,0
Martin,2/25/2016,6:29 PM,61117,2.844,Client Services,1,0
Steven,5/30/1980,8:25 PM,100949,13.813,Human Resources,0,1
Judy,7/15/2011,3:38 PM,46829,5.19,Finance,0,1
James,2/16/2008,2:49 AM,69111,14.625,Business Development,0,1
Gloria,8/19/2004,10:31 AM,46602,1.027,Business Development,0,1
Ernest,6/30/2001,1:46 PM,61181,16.559,Business Development,1,0
Martha,7/17/1997,11:11 PM,94963,19.626,Business Development,0,1
Janet,1/25/1986,5:48 AM,85789,9.712,Legal,1,0
Louis,2/5/1983,6:39 PM,145274,16.379,Product,1,0
Tina,8/6/1999,3:18 AM,102841,3.369,Client Services,1,0
Henry,2/23/2007,3:24 AM,49665,18.338,Business Development,1,0
Antonio,6/6/1999,10:54 PM,41928,5.478,,0,1
Lisa,4/11/2007,1:04 AM,128042,2.03,Legal,0,1
Denise,2/19/1984,6:22 AM,86150,3.997,Client Services,1,0
Stephen,10/21/1984,6:26 AM,121816,10.615,Distribution,0,1
Benjamin,4/12/1988,11:32 PM,123409,7.783,Product,1,0
Carl,8/18/2007,8:01 AM,98295,7.617,Legal,0,1
Ruth,9/2/1980,6:52 AM,59678,10.895,Distribution,1,0
Shawn,12/29/2006,3:05 AM,57871,4.02,Human Resources,0,1
Jennifer,3/31/2015,7:43 PM,132084,10.006,Engineering,0,1
Terry,11/10/2004,4:33 AM,35633,3.947,Distribution,0,1
Jacqueline,7/27/2008,12:08 PM,125298,3.019,Legal,0,1
Roger,5/2/1988,10:04 PM,115582,15.343,Sales,0,1
Alice,4/23/1995,6:35 AM,148339,11.479,Finance,0,1
Justin,7/25/1991,12:45 AM,112975,9.699,Human Resources,1,0
Janet,7/12/2008,12:10 PM,36927,18.769,Client Services,1,0
Robin,3/26/2004,5:41 PM,70248,9.66,Sales,0,1
Samuel,10/7/2002,3:08 AM,141305,9.849,Marketing,0,1
Katherine,9/22/2006,8:08 PM,72002,13.178,Product,0,1
Peter,5/22/1991,1:39 AM,102577,12.026,Product,0,1
Lillian,8/14/2009,5:41 AM,113554,18.018,Business Development,0,1
,10/24/1986,9:23 AM,47176,10.736,Finance,0,0
,6/18/2000,7:36 AM,106428,10.867,,0,0
Rose,11/3/1999,9:06 AM,75181,6.06,Finance,0,1
Bobby,9/30/2004,10:52 PM,79047,18.784,Human Resources,1,0
Kimberly,4/20/1986,3:55 PM,52970,4.513,Sales,1,0
Antonio,12/28/2003,4:17 AM,137979,5.266,Distribution,1,0
Doris,9/8/1984,7:03 PM,114360,17.799,Business Development,0,1
Steven,7/5/2009,4:55 AM,110306,16.843,Human Resources,0,1
Lawrence,7/3/1995,10:55 PM,46378,9.127,,1,0
,5/6/1986,4:41 PM,74104,17.68,Client Services,0,0
,4/15/1991,3:39 AM,132505,13.592,Product,0,0
Stephanie,9/14/1982,8:14 AM,96649,3.453,Sales,1,0
,7/24/1982,12:00 AM,57811,8.941,Marketing,0,0
Sandra,9/7/1989,4:17 PM,111468,2.58,Product,0,1
Kevin,7/1/2005,3:22 PM,141498,4.135,Sales,0,1
Michelle,3/31/2012,6:28 AM,124441,16.353,Business Development,1,0
Lisa,7/8/2000,9:19 PM,40121,6.293,Product,1,0
Fred,3/3/1989,2:27 AM,129712,11.058,Finance,1,0
Joseph,11/4/1982,9:46 PM,126010,19.601,Legal,1,0
Anne,4/18/1996,11:57 PM,122762,9.564,Distribution,1,0
Andrea,7/22/1999,9:25 AM,149105,13.707,Distribution,0,1
Nicole,3/1/2004,5:17 PM,44021,10.286,,1,0
Theresa,10/7/1995,10:16 AM,42025,3.319,Human Resources,0,1
Catherine,8/31/1986,6:20 PM,59970,12.801,Client Services,1,0
Rose,12/31/1982,6:50 PM,145001,19.85,Engineering,1,0
Lawrence,10/1/1984,2:06 PM,102589,17.952,Marketing,0,1
Raymond,12/12/1986,12:18 PM,47529,2.712,Product,0,1
Clarence,8/5/1989,6:11 PM,148941,11.517,Product,1,0
Ryan,4/15/1988,5:18 AM,91109,17.499,Human Resources,0,1
Jane,1/12/1992,1:23 PM,51923,13.623,Business Development,1,0
Lois,7/28/2012,11:39 AM,53954,19.075,Product,1,0
Shawn,3/17/2008,2:12 PM,39335,10.664,Distribution,1,0
Thomas,5/3/1990,9:29 AM,111371,15.081,Engineering,0,1
Kathryn,1/29/2008,12:29 AM,86676,6.081,Sales,1,0
Mary,11/6/2011,8:32 AM,115057,2.089,Finance,1,0
Julie,3/8/1980,5:13 AM,145357,3.459,Engineering,1,0
George,9/27/1995,5:04 PM,36749,19.754,Finance,1,0
Ralph,2/10/2000,4:48 PM,89854,7.227,Business Development,1,0
Judith,9/3/1989,11:16 AM,134048,6.818,Marketing,0,1
,12/13/1994,10:34 AM,141311,5.478,Product,0,0
Evelyn,2/10/2002,4:44 AM,123621,19.767,Marketing,0,1
Rachel,6/23/2011,12:52 AM,54941,3.221,Distribution,0,1
Maria,1/18/1986,8:36 PM,106562,4.0,Human Resources,1,0
Kelly,3/17/2007,6:20 PM,39371,4.068,Engineering,1,0
Ruby,5/31/2008,8:41 PM,83112,4.083,Marketing,1,0
Ann,10/3/1980,1:08 AM,96941,10.048,Distribution,0,1
Kenneth,12/14/1985,6:55 AM,47232,17.862,Legal,0,1
William,11/18/1993,12:27 PM,54058,5.182,Human Resources,0,1
,12/27/1980,2:27 AM,80399,12.254,Distribution,0,0
Deborah,2/26/2009,10:17 AM,118043,7.266,Business Development,0,1
,11/12/2009,2:30 PM,109411,9.494,Engineering,0,0
Julia,8/18/2014,3:12 AM,97566,2.147,Marketing,1,0
Robert,12/4/2000,1:20 AM,69267,5.89,Sales,0,1
,8/1/1988,1:35 AM,87103,5.665,,0,0
Jesse,7/16/2014,2:24 AM,98811,7.487,Legal,1,0
Cynthia,7/12/2006,8:55 AM,149684,7.864,Product,1,0
Johnny,1/14/2007,2:54 PM,71383,2.097,Human Resources,0,1
Michael,8/31/2002,1:20 AM,81206,19.908,Distribution,0,1
Kenneth,1/15/2015,2:41 PM,69112,7.588,Finance,0,1
Keith,2/12/2003,3:02 PM,120672,19.467,Legal,1,0
Gerald,5/28/2010,12:26 PM,96511,9.331,Human Resources,1,0
Carl,2/11/1982,7:54 AM,49325,2.071,Business Development,0,1
Douglas,8/4/2007,5:23 AM,132175,2.28,Engineering,1,0
Carolyn,3/17/2004,6:38 AM,118037,13.492,Finance,1,0
Joseph,5/23/1985,10:16 PM,139570,15.804,Finance,0,1
Billy,4/6/2000,3:14 PM,115280,9.153,Distribution,1,0
Joyce,7/25/2001,6:04 AM,51065,16.807,Human Resources,1,0
Lillian,8/26/2002,8:53 AM,103854,4.924,Distribution,0,1
Ruby,8/13/2006,6:27 PM,48354,19.501,Business Development,1,0
Sandra,2/7/1998,12:39 PM,132327,19.264,Product,1,0
Louise,2/26/1982,1:03 AM,106362,8.965,Sales,1,0
Maria,6/19/1985,1:48 AM,148857,8.738,Legal,1,0
Brenda,1/3/1981,6:01 PM,131131,11.682,Client Services,1,0
Stephen,9/10/1990,10:42 PM,129663,15.574,Human Resources,1,0
Nicole,5/2/1981,12:03 PM,41449,4.707,Finance,1,0
Bobby,6/5/1984,7:40 AM,93368,2.88,Product,0,1
Ernest,9/6/1997,2:02 PM,53335,9.192,Product,1,0
Charles,9/3/1997,10:04 AM,148291,6.002,,1,0
Bobby,8/19/1996,1:16 AM,147842,16.158,,0,1
Diana,11/19/2004,8:47 AM,105066,17.343,Business Development,0,1
Mildred,4/6/2007,10:06 PM,139284,11.39,,0,1
Harry,2/10/1985,7:46 PM,63046,10.411,Finance,1,0
Phillip,10/20/2003,11:09 AM,89700,2.277,,0,1
Bonnie,1/18/2006,6:52 PM,108946,12.211,Finance,1,0
Marie,12/8/1993,6:28 PM,98406,7.943,Product,0,1
Sean,4/25/2006,4:51 PM,108581,9.634,Human Resources,1,0
Robin,10/1/2012,2:44 AM,41808,19.239,Business Development,1,0
Phillip,10/7/1984,11:05 AM,36837,14.66,Marketing,1,0
Jerry,3/26/1989,4:15 AM,140850,18.855,Finance,1,0
Ronald,5/25/1983,10:05 AM,50426,18.536,Sales,0,1
Phillip,5/15/1984,6:15 AM,134120,6.842,Human Resources,1,0
Ryan,11/16/2012,1:47 PM,57292,6.01,,1,0
Karen,8/29/1997,4:56 PM,80633,16.306,Legal,1,0
Bonnie,8/25/2004,2:17 AM,131943,14.249,Client Services,1,0
Earl,6/15/2013,3:00 AM,48046,7.737,Marketing,1,0
Katherine,8/18/2013,3:58 PM,97443,13.657,Product,1,0
Matthew,8/3/1995,5:39 AM,135352,7.986,Business Development,0,1
Cynthia,11/19/1996,10:40 PM,107816,18.751,Marketing,1,0
Gerald,3/29/2003,10:37 AM,96329,2.469,Engineering,0,1
Brenda,1/18/2015,4:39 PM,73749,19.332,Business Development,1,0
Jason,5/1/1998,6:05 PM,75607,4.299,Sales,0,1
Melissa,9/8/1994,4:11 AM,98858,3.525,Human Resources,0,1
Beverly,4/11/1998,2:27 PM,76485,9.212,Engineering,0,1
Terry,9/11/1992,4:41 PM,41238,8.219,Marketing,1,0
,9/5/1980,7:36 AM,114896,13.823,Client Services,0,0
Jacqueline,5/25/2003,7:13 PM,125418,8.064,Distribution,1,0
Amy,5/20/2009,6:26 AM,75415,19.132,Client Services,1,0
Robert,5/25/2007,3:17 AM,90998,8.382,Finance,1,0
Ruby,1/28/1980,11:08 PM,142868,6.318,Marketing,1,0
Sara,11/18/2014,2:47 PM,135990,14.344,Distribution,0,1
Kathryn,10/27/1995,3:39 PM,57300,18.015,Marketing,1,0
Lisa,10/17/2003,1:42 PM,73706,18.53,Finance,1,0
Juan,10/6/1993,8:52 AM,85871,9.16,Product,1,0
Anthony,1/30/2014,9:04 PM,96795,14.837,Sales,1,0
David,12/5/2009,8:48 AM,92242,15.407,Legal,1,0
Marilyn,10/8/2007,12:32 AM,115149,11.934,Legal,0,1
Margaret,1/4/2001,3:07 AM,126924,1.552,Finance,0,1
,11/24/2015,3:11 AM,145329,7.1,Finance,0,0
Timothy,8/25/1991,10:37 AM,92587,8.475,Finance,1,0
Brandon,10/23/1995,12:04 PM,60263,2.709,Sales,1,0
Frank,7/27/2013,4:32 PM,91406,5.681,Business Development,0,1
Betty,11/19/2002,10:40 AM,37005,7.645,Marketing,0,1
Janice,11/19/1991,6:02 PM,139791,16.968,Business Development,1,0
Victor,3/10/2010,5:01 PM,45267,3.942,Sales,0,1
Kenneth,2/28/1994,10:10 AM,95296,10.146,Finance,1,0
Jane,4/27/2012,2:12 PM,59680,15.211,Business Development,0,1
Walter,5/21/1992,12:39 AM,144701,16.323,Marketing,0,1
Christina,6/23/2002,3:18 PM,35477,18.178,Human Resources,1,0
Patricia,10/10/1995,4:52 PM,119266,6.911,Distribution,1,0
,5/23/2001,7:52 PM,103877,6.322,Distribution,0,0
Heather,7/29/1983,10:48 AM,47605,14.955,Human Resources,0,1
Stephanie,6/26/1988,5:48 AM,136604,6.16,Human Resources,0,1
Alice,2/9/2013,12:49 AM,121250,4.363,Finance,0,1
Frances,5/16/2014,8:31 AM,35884,17.667,Sales,1,0
Elizabeth,7/27/1998,11:12 AM,137144,10.081,Finance,1,0
Janice,12/17/2009,6:42 AM,102697,3.283,Engineering,1,0
Donald,8/1/1991,2:25 AM,61999,6.466,Product,1,0
Melissa,10/22/2002,1:20 AM,45223,8.879,Legal,0,1
Carl,7/7/2010,1:33 PM,54033,15.528,Business Development,0,1
Joe,12/8/1998,10:28 AM,126120,1.02,,1,0
Lois,12/11/2015,4:10 PM,99747,6.168,Marketing,1,0
Ann,9/28/2001,6:37 AM,71958,5.272,Distribution,0,1
Todd,1/4/1983,12:34 PM,115566,6.716,Client Services,0,1
Marilyn,1/16/1996,7:18 AM,118369,7.696,Business Development,0,1
Shawn,3/13/2008,5:36 PM,51667,6.339,Product,1,0
Ryan,4/27/1999,3:41 AM,85858,19.475,Client Services,1,0
Sean,3/21/2009,11:38 AM,131423,8.957,Distribution,1,0
Rose,1/2/2002,9:14 PM,49538,9.828,Client Services,1,0
George,6/5/2015,5:40 AM,50369,18.9,Sales,0,1
Arthur,12/5/2013,8:44 AM,86615,3.412,Business Development,0,1
Irene,2/28/1991,10:23 PM,135369,4.38,Business Development,1,0
Deborah,11/11/2003,4:53 PM,60003,9.624,Client Services,1,0
,8/23/2000,4:19 PM,95866,19.388,Sales,0,0
Judith,3/1/2004,7:32 AM,109324,19.488,Distribution,1,0
Philip,3/11/2005,10:56 AM,103557,16.014,Business Development,0,1
Jeffrey,9/20/1986,6:06 AM,111376,2.673,Business Development,0,1
Theresa,4/27/2001,9:17 PM,75661,1.079,Legal,0,1
Nancy,9/10/2001,11:57 PM,85213,2.386,Marketing,0,1
Harold,6/23/2012,12:40 PM,140444,3.771,Distribution,1,0
Bonnie,12/23/2008,9:26 AM,90427,2.01,Client Services,0,1
Doris,7/5/1993,5:54 PM,141439,3.799,Business Development,1,0
Samuel,8/7/1997,12:40 PM,43694,3.787,Engineering,0,1
Alice,3/23/1996,3:09 AM,131952,12.09,Engineering,1,0
Maria,3/14/2003,5:23 PM,96250,10.056,Business Development,1,0
Aaron,1/22/1986,7:39 PM,63126,18.424,Client Services,1,0
Mark,9/9/2006,12:27 PM,44836,2.657,Client Services,1,0
Ralph,7/28/1995,6:53 PM,70635,2.147,Client Services,1,0
Andrew,9/28/1990,9:38 AM,137386,8.611,Distribution,0,1
William,6/26/1997,8:33 AM,104840,15.653,Engineering,0,1
Lori,11/20/2015,1:15 PM,75498,6.537,Marketing,0,1
Wayne,9/8/2006,11:09 AM,67471,2.728,Engineering,1,0
Kenneth,5/10/2006,8:24 AM,101914,1.905,Distribution,0,1
Gerald,4/15/1989,12:44 PM,93712,17.426,Distribution,0,1
,9/15/1985,1:50 AM,133472,16.941,Distribution,0,0
,7/30/2012,3:07 PM,107351,5.329,Marketing,0,0
Ashley,3/31/2006,1:24 PM,142410,11.048,Engineering,0,1
Scott,8/20/2011,8:08 AM,37385,8.226,Business Development,0,1
Paula,5/21/1983,11:42 AM,58423,10.833,Business Development,1,0
,9/14/2010,5:19 AM,143638,9.662,,0,0
Teresa,1/22/2013,3:17 PM,113425,11.907,Human Resources,0,1
Randy,2/25/2012,5:33 AM,57266,14.077,Product,1,0
Joe,1/19/1980,4:06 PM,119667,1.148,Finance,0,1
Sarah,8/17/2014,11:08 PM,127118,11.176,Legal,1,0
Beverly,10/17/1986,12:51 AM,80838,8.115,Engineering,1,0
Jeffrey,2/3/1984,1:26 PM,70990,15.901,Sales,0,1
Gloria,10/24/1987,4:43 AM,39833,9.631,Engineering,1,0
Albert,9/19/1992,2:35 AM,45094,5.85,Business Development,0,1
Stephen,10/29/1989,11:34 PM,93997,18.093,Business Development,0,1
Antonio,6/18/1989,9:37 PM,103050,3.05,Legal,1,0
Jonathan,8/21/2013,12:45 AM,121797,16.923,Product,1,0
Ann,9/23/1994,11:15 AM,89443,17.94,Sales,0,1
Bruce,5/7/1980,8:00 PM,35802,12.391,Sales,0,1
Catherine,9/25/1989,1:31 AM,68164,18.393,Client Services,1,0
Louis,8/16/2011,5:19 PM,93022,9.146,Human Resources,0,1
Thomas,3/12/2016,3:10 PM,105681,19.572,Engineering,1,0
Louise,3/27/1995,10:27 PM,43050,11.671,Distribution,1,0
Linda,2/4/2010,8:49 PM,44486,17.308,Engineering,0,1
Alice,9/3/1988,8:54 PM,63571,15.397,Product,0,1
Patrick,12/30/2002,2:01 AM,75423,5.368,Business Development,0,1
Victor,7/28/2006,2:49 PM,76381,11.159,Sales,0,1
Russell,5/10/2013,11:08 PM,137359,11.105,Business Development,1,0
Harry,8/30/2011,6:31 PM,67656,16.455,Client Services,0,1
Susan,4/7/1995,10:05 PM,92436,12.467,Sales,1,0
Denise,10/19/1992,5:42 AM,137954,4.195,Legal,0,1
Sarah,12/4/1995,9:16 AM,124566,5.949,Product,1,0
Sean,1/17/1983,2:23 PM,66146,11.178,Human Resources,1,0
Ernest,7/20/2013,6:41 AM,142935,13.198,Product,0,1
Kimberly,1/26/2013,12:57 AM,46233,8.862,Engineering,0,1
James,1/15/1993,5:19 PM,148985,19.28,Legal,1,0
Rose,4/6/1982,10:43 AM,91411,8.639,Human Resources,0,1
John,12/23/1982,10:35 PM,146907,11.738,Engineering,1,0
Maria,10/15/2011,4:53 PM,43455,13.04,Engineering,1,0
Stephen,7/10/1983,8:10 PM,85668,1.909,Legal,1,0
Donna,11/26/1982,7:04 AM,82871,17.999,Marketing,1,0
Gloria,12/8/2014,5:08 AM,136709,10.331,Finance,0,1
Alice,10/5/2004,9:34 AM,47638,11.209,Human Resources,1,0
Justin,2/10/1991,4:58 PM,38344,3.794,Legal,1,0
Robin,7/24/1987,1:35 PM,100765,10.982,Client Services,0,1
Rose,8/25/2002,5:12 AM,134505,11.051,Marketing,0,1
Anthony,10/16/2011,8:35 AM,112769,11.625,Finance,0,1
Tina,5/15/1997,3:53 PM,56450,19.04,Engineering,0,1
George,6/21/2013,5:47 PM,98874,4.479,Marketing,0,1
Henry,11/23/2014,6:09 AM,132483,16.655,Distribution,1,0
Phillip,1/31/1984,6:30 AM,42392,19.675,Finance,1,0
Russell,5/20/2013,12:39 PM,96914,1.421,Product,1,0
Larry,4/20/2013,4:45 PM,60500,11.985,Business Development,1,0
Albert,5/15/2012,6:24 PM,129949,10.169,Sales,0,1
